[{"saeti":1,"nafn":"Erna Lína Örnudóttir Baldvinsdóttir","kjordaemi":"sudvestur","slug":"erna-lina-ornudottir-baldvinsdottir","bokstafur":"R","svar":"012340123401234012340123401234"},{"saeti":2,"nafn":"Þorvarður Bergmann Kjartansson","kjordaemi":"sudvestur","slug":"thorvardur-bergmann-kjartansson","bokstafur":"R","svar":"012330123401234012340123401234"},{"saeti":3,"nafn":"Guðmundur Smári Sighvatsson","kjordaemi":"sudvestur","slug":"gudmundur-smari-sighvatsson","bokstafur":"R","svar":"01233012340123401234012401234"},{"saeti":4,"nafn":"Sigrún Erlingsdóttir","kjordaemi":"sudvestur","slug":"sigrun-erlingsdottir","bokstafur":"R","svar":"012340123401234012340123401234"},{"saeti":5,"nafn":"Einar Andrésson","kjordaemi":"sudvestur","slug":"einar-andresson","bokstafur":"R"},{"saeti":6,"nafn":"Maricris Castillo de Luna","kjordaemi":"sudvestur","slug":"maricris-castillo-de-luna","bokstafur":"R"},{"saeti":1,"nafn":"Þorvaldur Þorvaldsson","kjordaemi":"reykjavik-sudur","slug":"thorvaldur-thorvaldsson","bokstafur":"R"},{"saeti":2,"nafn":"Tamila Gamez Garcell","kjordaemi":"reykjavik-sudur","slug":"tamila-gamez-garcell","bokstafur":"R"},{"saeti":3,"nafn":"Valtýr Kári Daníelsson","kjordaemi":"reykjavik-sudur","slug":"valtyr-kari-danielsson","bokstafur":"R"},{"saeti":4,"nafn":"Sólveig Hauksdóttir","kjordaemi":"reykjavik-sudur","slug":"solveig-hauksdottir","bokstafur":"R"},{"saeti":5,"nafn":"Skúli Jón Unnarson Kristinsson","kjordaemi":"reykjavik-sudur","slug":"skuli-jon-unnarson-kristinsson","bokstafur":"R"},{"saeti":6,"nafn":"Ragnar Sverrisson","kjordaemi":"reykjavik-sudur","slug":"ragnar-sverrisson","bokstafur":"R"},{"saeti":1,"nafn":"Þorsteinn Bergsson","kjordaemi":"nordaustur","slug":"thorsteinn-bergsson","bokstafur":"R"},{"saeti":2,"nafn":"Bjarmi Dýrfjörð","kjordaemi":"nordaustur","slug":"bjarmi-dyrfjord","bokstafur":"R"},{"saeti":3,"nafn":"Ragnhildur Hallgrímsdóttir","kjordaemi":"nordaustur","slug":"ragnhildur-hallgrimsdottir","bokstafur":"R"},{"saeti":4,"nafn":"Björgvin Rúnar Leifsson","kjordaemi":"nordaustur","slug":"bjorgvin-runar-leifsson","bokstafur":"R"},{"saeti":5,"nafn":"Anna Hrefnudóttir","kjordaemi":"nordaustur","slug":"anna-hrefnudottir","bokstafur":"R"},{"saeti":6,"nafn":"Baldvin H. Sigurðsson","kjordaemi":"nordaustur","slug":"baldvin-h.-sigurdsson","bokstafur":"R"},{"saeti":1,"nafn":"Vésteinn Valgarðsson","kjordaemi":"reykjavik-nordur","slug":"vesteinn-valgardsson","bokstafur":"R"},{"saeti":2,"nafn":"Drífa Nadia Mechiat","kjordaemi":"reykjavik-nordur","slug":"drifa-nadia-mechiat","bokstafur":"R"},{"saeti":3,"nafn":"Héðinn Björnsson","kjordaemi":"reykjavik-nordur","slug":"hedinn-bjornsson","bokstafur":"R"},{"saeti":4,"nafn":"Margrét Haraldsdóttir","kjordaemi":"reykjavik-nordur","slug":"margret-haraldsdottir","bokstafur":"R"},{"saeti":5,"nafn":"Sindri Freyr Steinsson","kjordaemi":"reykjavik-nordur","slug":"sindri-freyr-steinsson","bokstafur":"R"},{"saeti":6,"nafn":"Þóra Sverrisdóttir","kjordaemi":"reykjavik-nordur","slug":"thora-sverrisdottir","bokstafur":"R"},{"saeti":1,"nafn":"Arngrímur Viðar Ásgeirsson","kjordaemi":"nordaustur","slug":"arngrimur-vidar-asgeirsson","bokstafur":"A"},{"saeti":2,"nafn":"Halla Björk Reynisdóttir","kjordaemi":"nordaustur","slug":"halla-bjork-reynisdottir","bokstafur":"A"},{"saeti":3,"nafn":"Hörður Finnbogason","kjordaemi":"nordaustur","slug":"hordur-finnbogason","bokstafur":"A"},{"saeti":4,"nafn":"Áshildur Hlín Valtýsdóttir","kjordaemi":"nordaustur","slug":"ashildur-hlin-valtysdottir","bokstafur":"A"},{"saeti":5,"nafn":"Jónas Björgvin Sigurbergsson","kjordaemi":"nordaustur","slug":"jonas-bjorgvin-sigurbergsson","bokstafur":"A"},{"saeti":6,"nafn":"Kristín Björk Gunnarsdóttir","kjordaemi":"nordaustur","slug":"kristin-bjork-gunnarsdottir","bokstafur":"A"},{"saeti":1,"nafn":"Guðlaug Kristjánsdóttir","kjordaemi":"nordvestur","slug":"gudlaug-kristjansdottir","bokstafur":"A"},{"saeti":2,"nafn":"Kristín Sigurgeirsdóttir","kjordaemi":"nordvestur","slug":"kristin-sigurgeirsdottir","bokstafur":"A"},{"saeti":3,"nafn":"Elín Matthildur Kristinsdóttir","kjordaemi":"nordvestur","slug":"elin-matthildur-kristinsdottir","bokstafur":"A"},{"saeti":4,"nafn":"Gunnsteinn Sigurðsson","kjordaemi":"nordvestur","slug":"gunnsteinn-sigurdsson","bokstafur":"A"},{"saeti":5,"nafn":"Ásthildur Ósk Ragnarsdóttir","kjordaemi":"nordvestur","slug":"asthildur-osk-ragnarsdottir","bokstafur":"A"},{"saeti":6,"nafn":"Ólína Ingibjörg Gunnarsdóttir","kjordaemi":"nordvestur","slug":"olina-ingibjorg-gunnarsdottir","bokstafur":"A"},{"saeti":1,"nafn":"Óttarr Proppé","kjordaemi":"reykjavik-nordur","slug":"ottarr-proppe","bokstafur":"A"},{"saeti":2,"nafn":"Auður Kolbrá Birgisdóttir","kjordaemi":"reykjavik-nordur","slug":"audur-kolbra-birgisdottir","bokstafur":"A"},{"saeti":3,"nafn":"Sunna Jóhannsdóttir","kjordaemi":"reykjavik-nordur","slug":"sunna-johannsdottir","bokstafur":"A"},{"saeti":4,"nafn":"Ágúst Már Garðarsson","kjordaemi":"reykjavik-nordur","slug":"agust-mar-gardarsson","bokstafur":"A"},{"saeti":5,"nafn":"Sigrún Gunnarsdóttir","kjordaemi":"reykjavik-nordur","slug":"sigrun-gunnarsdottir","bokstafur":"A"},{"saeti":6,"nafn":"Steinþór Helgi Arnsteinsson","kjordaemi":"reykjavik-nordur","slug":"steinthor-helgi-arnsteinsson","bokstafur":"A"},{"saeti":1,"nafn":"Nichole Leigh Mosty","kjordaemi":"reykjavik-sudur","slug":"nichole-leigh-mosty","bokstafur":"A"},{"saeti":2,"nafn":"Hörður Ágústsson","kjordaemi":"reykjavik-sudur","slug":"hordur-agustsson","bokstafur":"A"},{"saeti":3,"nafn":"Starri Reynisson","kjordaemi":"reykjavik-sudur","slug":"starri-reynisson","bokstafur":"A"},{"saeti":4,"nafn":"Þórunn Pétursdóttir","kjordaemi":"reykjavik-sudur","slug":"thorunn-petursdottir","bokstafur":"A"},{"saeti":5,"nafn":"Diljá Ámundadóttir","kjordaemi":"reykjavik-sudur","slug":"dilja-amundadottir","bokstafur":"A"},{"saeti":6,"nafn":"Steinunn Ása Þorvaldsdóttir","kjordaemi":"reykjavik-sudur","slug":"steinunn-asa-thorvaldsdottir","bokstafur":"A"},{"saeti":1,"nafn":"Jasmina Crnac","kjordaemi":"sudur","slug":"jasmina-crnac","bokstafur":"A"},{"saeti":2,"nafn":"Arnbjörn Ólafsson","kjordaemi":"sudur","slug":"arnbjorn-olafsson","bokstafur":"A"},{"saeti":3,"nafn":"Valgerður Björk Pálsdóttir","kjordaemi":"sudur","slug":"valgerdur-bjork-palsdottir","bokstafur":"A"},{"saeti":4,"nafn":"Drífa Kristjánsdóttir","kjordaemi":"sudur","slug":"drifa-kristjansdottir","bokstafur":"A"},{"saeti":5,"nafn":"Guðfinna Gunnarsdóttir","kjordaemi":"sudur","slug":"gudfinna-gunnarsdottir","bokstafur":"A"},{"saeti":6,"nafn":"Eyrún Björg Magnúsdóttir,","kjordaemi":"sudur","slug":"eyrun-bjorg-magnusdottir","bokstafur":"A"},{"saeti":1,"nafn":"Björt Ólafsdóttir","kjordaemi":"sudvestur","slug":"bjort-olafsdottir","bokstafur":"A"},{"saeti":2,"nafn":"Karólína Helga Símonardóttir","kjordaemi":"sudvestur","slug":"karolina-helga-simonardottir","bokstafur":"A"},{"saeti":3,"nafn":"Halldór Jörgensson","kjordaemi":"sudvestur","slug":"halldor-jorgensson","bokstafur":"A"},{"saeti":4,"nafn":"G. Valdimar Valdemarsson","kjordaemi":"sudvestur","slug":"g.-valdimar-valdemarsson","bokstafur":"A"},{"saeti":5,"nafn":"Ragnhildur Reynisdóttir","kjordaemi":"sudvestur","slug":"ragnhildur-reynisdottir","bokstafur":"A"},{"saeti":6,"nafn":"Pétur Óskarsson","kjordaemi":"sudvestur","slug":"petur-oskarsson","bokstafur":"A"},{"saeti":1,"nafn":"Ragnhildur L. Guðmundsdóttir","kjordaemi":"sudur","slug":"ragnhildur-l.-gudmundsdottir","bokstafur":"T"},{"saeti":2,"nafn":"Aníta Engley","kjordaemi":"sudur","slug":"anita-engley","bokstafur":"T"},{"saeti":3,"nafn":"Ásta Bryndis Schram","kjordaemi":"sudur","slug":"asta-bryndis-schram","bokstafur":"T"},{"saeti":4,"nafn":"Gunnhildur H. S. Magnúsdóttir","kjordaemi":"sudur","slug":"gunnhildur-h.-s.-magnusdottir","bokstafur":"T"},{"saeti":5,"nafn":"María Líndal","kjordaemi":"sudur","slug":"maria-lindal","bokstafur":"T"},{"saeti":6,"nafn":"Davíð Páll","kjordaemi":"sudur","slug":"david-pall","bokstafur":"T"},{"saeti":1,"nafn":"Halldór Gunnarsson","kjordaemi":"nordaustur","slug":"halldor-gunnarsson","bokstafur":"F"},{"saeti":2,"nafn":"Pétur Einarsson","kjordaemi":"nordaustur","slug":"petur-einarsson","bokstafur":"F"},{"saeti":3,"nafn":"Ástrún Lilja Sveinbjörnsdóttir","kjordaemi":"nordaustur","slug":"astrun-lilja-sveinbjornsdottir","bokstafur":"F"},{"saeti":4,"nafn":"Jóhanna Pálsdóttir","kjordaemi":"nordaustur","slug":"johanna-palsdottir","bokstafur":"F"},{"saeti":5,"nafn":"Ida Night Mukoza Ingadóttir","kjordaemi":"nordaustur","slug":"ida-night-mukoza-ingadottir","bokstafur":"F"},{"saeti":6,"nafn":"Sveinbjörn S Herbertsson","kjordaemi":"nordaustur","slug":"sveinbjorn-s-herbertsson","bokstafur":"F"},{"saeti":1,"nafn":"Magnús Þór Hafsteinsson","kjordaemi":"nordvestur","slug":"magnus-thor-hafsteinsson","bokstafur":"F"},{"saeti":2,"nafn":"Hjördís Heiða Ásmundsdóttir","kjordaemi":"nordvestur","slug":"hjordis-heida-asmundsdottir","bokstafur":"F"},{"saeti":3,"nafn":"Júlíus Ragnar Pétursson","kjordaemi":"nordvestur","slug":"julius-ragnar-petursson","bokstafur":"F"},{"saeti":4,"nafn":"Ágúst Heiðar Ólafsson","kjordaemi":"nordvestur","slug":"agust-heidar-olafsson","bokstafur":"F"},{"saeti":5,"nafn":"Erna Gunnarsdóttir","kjordaemi":"nordvestur","slug":"erna-gunnarsdottir","bokstafur":"F"},{"saeti":6,"nafn":"Helgi J. Helgason","kjordaemi":"nordvestur","slug":"helgi-j.-helgason","bokstafur":"F"},{"saeti":1,"nafn":"Ólafur Ísleifsson","kjordaemi":"reykjavik-nordur","slug":"olafur-isleifsson","bokstafur":"F"},{"saeti":2,"nafn":"Kolbrún Baldursdóttir","kjordaemi":"reykjavik-nordur","slug":"kolbrun-baldursdottir","bokstafur":"F"},{"saeti":3,"nafn":"Svanberg Hreinsson","kjordaemi":"reykjavik-nordur","slug":"svanberg-hreinsson","bokstafur":"F"},{"saeti":4,"nafn":"Ingibjörg Sigurðardóttir","kjordaemi":"reykjavik-nordur","slug":"ingibjorg-sigurdardottir","bokstafur":"F"},{"saeti":5,"nafn":"Sveinn Kristján Guðjónsson","kjordaemi":"reykjavik-nordur","slug":"sveinn-kristjan-gudjonsson","bokstafur":"F"},{"saeti":6,"nafn":"Þollý Rósmundsdóttir","kjordaemi":"reykjavik-nordur","slug":"tholly-rosmundsdottir","bokstafur":"F"},{"saeti":1,"nafn":"Inga Sæland","kjordaemi":"reykjavik-sudur","slug":"inga-saeland","bokstafur":"F"},{"saeti":2,"nafn":"Guðmundur Sævar Sævarsson","kjordaemi":"reykjavik-sudur","slug":"gudmundur-saevar-saevarsson","bokstafur":"F"},{"saeti":3,"nafn":"Linda Mjöll Gunnarsdóttir","kjordaemi":"reykjavik-sudur","slug":"linda-mjoll-gunnarsdottir","bokstafur":"F"},{"saeti":4,"nafn":"Ásgerður Jóna Flosadóttir","kjordaemi":"reykjavik-sudur","slug":"asgerdur-jona-flosadottir","bokstafur":"F"},{"saeti":5,"nafn":"Sigurjón Arnórsson","kjordaemi":"reykjavik-sudur","slug":"sigurjon-arnorsson","bokstafur":"F"},{"saeti":6,"nafn":"Kjartan Jónsson","kjordaemi":"reykjavik-sudur","slug":"kjartan-jonsson","bokstafur":"F"},{"saeti":1,"nafn":"Karl Gauti Hjaltason","kjordaemi":"sudur","slug":"karl-gauti-hjaltason","bokstafur":"F"},{"saeti":2,"nafn":"Heiða Rós Hauksdóttir","kjordaemi":"sudur","slug":"heida-ros-hauksdottir","bokstafur":"F"},{"saeti":3,"nafn":"Guðmundur Borgþórsson","kjordaemi":"sudur","slug":"gudmundur-borgthorsson","bokstafur":"F"},{"saeti":4,"nafn":"Margrét Óskarsdóttir","kjordaemi":"sudur","slug":"margret-oskarsdottir","bokstafur":"F"},{"saeti":5,"nafn":"Hjálmar Gunnar Guðbjörnsson","kjordaemi":"sudur","slug":"hjalmar-gunnar-gudbjornsson","bokstafur":"F"},{"saeti":6,"nafn":"Valgerður Hansdóttir","kjordaemi":"sudur","slug":"valgerdur-hansdottir","bokstafur":"F"},{"saeti":1,"nafn":"Guðmundir Ingi Kristinsson","kjordaemi":"sudvestur","slug":"gudmundir-ingi-kristinsson","bokstafur":"F"},{"saeti":2,"nafn":"Jónína Björk Óskarsdóttir","kjordaemi":"sudvestur","slug":"jonina-bjork-oskarsdottir","bokstafur":"F"},{"saeti":3,"nafn":"Edith Alvarsdóttir","kjordaemi":"sudvestur","slug":"edith-alvarsdottir","bokstafur":"F"},{"saeti":4,"nafn":"Örn Björnsson","kjordaemi":"sudvestur","slug":"orn-bjornsson","bokstafur":"F"},{"saeti":5,"nafn":"Inga Jóna Traustadótti","kjordaemi":"sudvestur","slug":"inga-jona-traustadotti","bokstafur":"F"},{"saeti":6,"nafn":"Skúli B. Barker","kjordaemi":"sudvestur","slug":"skuli-b.-barker","bokstafur":"F"},{"saeti":1,"nafn":"Þórunn Egilsdóttir","kjordaemi":"nordaustur","slug":"thorunn-egilsdottir","bokstafur":"B"},{"saeti":2,"nafn":"Líneik Anna Sævarsdóttir","kjordaemi":"nordaustur","slug":"lineik-anna-saevarsdottir","bokstafur":"B"},{"saeti":3,"nafn":"Þórarinn Ingi Pétursson","kjordaemi":"nordaustur","slug":"thorarinn-ingi-petursson","bokstafur":"B"},{"saeti":4,"nafn":"Hjálmar Bogi Hafliðason","kjordaemi":"nordaustur","slug":"hjalmar-bogi-haflidason","bokstafur":"B"},{"saeti":5,"nafn":"Jóhannes Gunnar Bjarnason","kjordaemi":"nordaustur","slug":"johannes-gunnar-bjarnason","bokstafur":"B"},{"saeti":6,"nafn":"Mínerva Björg Sverrisdóttir","kjordaemi":"nordaustur","slug":"minerva-bjorg-sverrisdottir","bokstafur":"B"},{"saeti":1,"nafn":"Ásmundur Einar Daðason","kjordaemi":"nordvestur","slug":"asmundur-einar-dadason","bokstafur":"B"},{"saeti":2,"nafn":"Halla Signý Kristjánsdóttir","kjordaemi":"nordvestur","slug":"halla-signy-kristjansdottir","bokstafur":"B"},{"saeti":3,"nafn":"Stefán Vagn Stefánsson","kjordaemi":"nordvestur","slug":"stefan-vagn-stefansson","bokstafur":"B"},{"saeti":4,"nafn":"Lilja Rannveig Sigurgeirsdóttir","kjordaemi":"nordvestur","slug":"lilja-rannveig-sigurgeirsdottir","bokstafur":"B"},{"saeti":5,"nafn":"Guðveig Anna Eyglóardóttir","kjordaemi":"nordvestur","slug":"gudveig-anna-eygloardottir","bokstafur":"B"},{"saeti":6,"nafn":"Lilja Sigurðardóttir","kjordaemi":"nordvestur","slug":"lilja-sigurdardottir","bokstafur":"B"},{"saeti":1,"nafn":"Lár­us Sig­­urður Lárus­­son","kjordaemi":"reykjavik-nordur","slug":"larus-sigurdur-larusson","bokstafur":"B"},{"saeti":2,"nafn":"Kjart­an Þór Ragn­­ar­s­­son","kjordaemi":"reykjavik-nordur","slug":"kjartan-thor-ragnarsson","bokstafur":"B"},{"saeti":3,"nafn":"Tanja Rún Krist­­manns­dótt­ir","kjordaemi":"reykjavik-nordur","slug":"tanja-run-kristmannsdottir","bokstafur":"B"},{"saeti":4,"nafn":"Ágúst Jó­hanns­­son","kjordaemi":"reykjavik-nordur","slug":"agust-johannsson","bokstafur":"B"},{"saeti":5,"nafn":"Ing­veld­ur Sæ­­munds­dótt­ir","kjordaemi":"reykjavik-nordur","slug":"ingveldur-saemundsdottir","bokstafur":"B"},{"saeti":6,"nafn":"Hin­rik Bergs","kjordaemi":"reykjavik-nordur","slug":"hinrik-bergs","bokstafur":"B"},{"saeti":1,"nafn":"Lilja D. Al­freðs­dótt­ir","kjordaemi":"reykjavik-sudur","slug":"lilja-d.-alfredsdottir","bokstafur":"B"},{"saeti":2,"nafn":"Alex B. Stef­áns­­son","kjordaemi":"reykjavik-sudur","slug":"alex-b.-stefansson","bokstafur":"B"},{"saeti":3,"nafn":"Birg­ir Örn Guð­jóns­­son","kjordaemi":"reykjavik-sudur","slug":"birgir-orn-gudjonsson","bokstafur":"B"},{"saeti":4,"nafn":"Björn Ívar Björns­­son","kjordaemi":"reykjavik-sudur","slug":"bjorn-ivar-bjornsson","bokstafur":"B"},{"saeti":5,"nafn":"Jóna Björg Sætr­an","kjordaemi":"reykjavik-sudur","slug":"jona-bjorg-saetran","bokstafur":"B"},{"saeti":6,"nafn":"Berg­þór Smári Pálma­­son Sig­hvats","kjordaemi":"reykjavik-sudur","slug":"bergthor-smari-palmason-sighvats","bokstafur":"B"},{"saeti":1,"nafn":"Sigurður Ingi Jóhannsson","kjordaemi":"sudur","slug":"sigurdur-ingi-johannsson","bokstafur":"B"},{"saeti":2,"nafn":"Silja Dögg Gunnarsdóttir","kjordaemi":"sudur","slug":"silja-dogg-gunnarsdottir","bokstafur":"B"},{"saeti":3,"nafn":"Ásgerður K. Gylfadóttir","kjordaemi":"sudur","slug":"asgerdur-k.-gylfadottir","bokstafur":"B"},{"saeti":4,"nafn":"Jóhann Friðrik Friðriksson","kjordaemi":"sudur","slug":"johann-fridrik-fridriksson","bokstafur":"B"},{"saeti":5,"nafn":"Sæbjörg Erlingsdóttir","kjordaemi":"sudur","slug":"saebjorg-erlingsdottir","bokstafur":"B"},{"saeti":6,"nafn":"Inga Jara Jónsdóttir","kjordaemi":"sudur","slug":"inga-jara-jonsdottir","bokstafur":"B"},{"saeti":1,"nafn":"Will­um Þór Þórs­son","kjordaemi":"sudvestur","slug":"willum-thor-thorsson","bokstafur":"B"},{"saeti":2,"nafn":"Krist­björg Þóris­dótt­ir","kjordaemi":"sudvestur","slug":"kristbjorg-thorisdottir","bokstafur":"B"},{"saeti":3,"nafn":"Linda Hrönn Þóris­dótt­ir","kjordaemi":"sudvestur","slug":"linda-hronn-thorisdottir","bokstafur":"B"},{"saeti":4,"nafn":"Páll Marís Páls­son","kjordaemi":"sudvestur","slug":"pall-maris-palsson","bokstafur":"B"},{"saeti":5,"nafn":"María Júlía Rún­ars­dótt­ir","kjordaemi":"sudvestur","slug":"maria-julia-runarsdottir","bokstafur":"B"},{"saeti":6,"nafn":"Þor­gerður Sæv­ars­dótt­ir","kjordaemi":"sudvestur","slug":"thorgerdur-saevarsdottir","bokstafur":"B"},{"saeti":1,"nafn":"Sigmundur Davíð Gunnlaugsson","kjordaemi":"nordaustur","slug":"sigmundur-david-gunnlaugsson","bokstafur":"M"},{"saeti":2,"nafn":"Anna Kolbrún Árnadóttir","kjordaemi":"nordaustur","slug":"anna-kolbrun-arnadottir","bokstafur":"M"},{"saeti":3,"nafn":"Þorgrímur Sigmundsson","kjordaemi":"nordaustur","slug":"thorgrimur-sigmundsson","bokstafur":"M"},{"saeti":4,"nafn":"Karl Liljendal Hólmgeirsson","kjordaemi":"nordaustur","slug":"karl-liljendal-holmgeirsson","bokstafur":"M"},{"saeti":5,"nafn":"Anna Þórhildur Kristmundsdóttir","kjordaemi":"nordaustur","slug":"anna-thorhildur-kristmundsdottir","bokstafur":"M"},{"saeti":6,"nafn":"Hannes Karlsson","kjordaemi":"nordaustur","slug":"hannes-karlsson","bokstafur":"M"},{"saeti":1,"nafn":"Bergþór Ólason","kjordaemi":"nordvestur","slug":"bergthor-olason","bokstafur":"M"},{"saeti":2,"nafn":"Sigurður Páll Jónsson","kjordaemi":"nordvestur","slug":"sigurdur-pall-jonsson","bokstafur":"M"},{"saeti":3,"nafn":"Jón Þór Þorvaldsson","kjordaemi":"nordvestur","slug":"jon-thor-thorvaldsson","bokstafur":"M"},{"saeti":4,"nafn":"Maríanna Eva Ragnarsdóttir","kjordaemi":"nordvestur","slug":"marianna-eva-ragnarsdottir","bokstafur":"M"},{"saeti":5,"nafn":"Aðalbjörg Óskarsdóttir","kjordaemi":"nordvestur","slug":"adalbjorg-oskarsdottir","bokstafur":"M"},{"saeti":6,"nafn":"Elías Gunnar Hafþórsson","kjordaemi":"nordvestur","slug":"elias-gunnar-hafthorsson","bokstafur":"M"},{"saeti":1,"nafn":"Guðfinna Jóhanna Guðmundsdóttir","kjordaemi":"reykjavik-nordur","slug":"gudfinna-johanna-gudmundsdottir","bokstafur":"M"},{"saeti":2,"nafn":"Guðlaugur G. Sverrisson","kjordaemi":"reykjavik-nordur","slug":"gudlaugur-g.-sverrisson","bokstafur":"M"},{"saeti":3,"nafn":"Sólveig Bjarney Daníelsdóttir","kjordaemi":"reykjavik-nordur","slug":"solveig-bjarney-danielsdottir","bokstafur":"M"},{"saeti":4,"nafn":"Linda Jónsdóttir","kjordaemi":"reykjavik-nordur","slug":"linda-jonsdottir","bokstafur":"M"},{"saeti":5,"nafn":"Vilborg Hansen","kjordaemi":"reykjavik-nordur","slug":"vilborg-hansen","bokstafur":"M"},{"saeti":6,"nafn":"Jón Sigurðsson","kjordaemi":"reykjavik-nordur","slug":"jon-sigurdsson","bokstafur":"M"},{"saeti":1,"nafn":"Þorsteinn B Sæmundsson","kjordaemi":"reykjavik-sudur","slug":"thorsteinn-b-saemundsson","bokstafur":"M"},{"saeti":2,"nafn":"Valgerður Sveinsdóttir","kjordaemi":"reykjavik-sudur","slug":"valgerdur-sveinsdottir","bokstafur":"M"},{"saeti":3,"nafn":"Baldur Borgþórsson","kjordaemi":"reykjavik-sudur","slug":"baldur-borgthorsson","bokstafur":"M"},{"saeti":4,"nafn":"Steinunn Anna Baldvinsdóttir","kjordaemi":"reykjavik-sudur","slug":"steinunn-anna-baldvinsdottir","bokstafur":"M"},{"saeti":5,"nafn":"Gígja Sveinsdóttir","kjordaemi":"reykjavik-sudur","slug":"gigja-sveinsdottir","bokstafur":"M"},{"saeti":6,"nafn":"Reynir Þór Guðmundsson","kjordaemi":"reykjavik-sudur","slug":"reynir-thor-gudmundsson","bokstafur":"M"},{"saeti":1,"nafn":"Birgir Þórarinsson","kjordaemi":"sudur","slug":"birgir-thorarinsson","bokstafur":"M"},{"saeti":2,"nafn":"Elvar Eyvindsson","kjordaemi":"sudur","slug":"elvar-eyvindsson","bokstafur":"M"},{"saeti":3,"nafn":"Sólveig Guðjónsdóttir","kjordaemi":"sudur","slug":"solveig-gudjonsdottir","bokstafur":"M"},{"saeti":4,"nafn":"Ásdís Bjarnadóttir","kjordaemi":"sudur","slug":"asdis-bjarnadottir","bokstafur":"M"},{"saeti":5,"nafn":"Bjarni Gunnólfsson","kjordaemi":"sudur","slug":"bjarni-gunnolfsson","bokstafur":"M"},{"saeti":6,"nafn":"Ingibjörg Jenný Jóhannesdóttir","kjordaemi":"sudur","slug":"ingibjorg-jenny-johannesdottir","bokstafur":"M"},{"saeti":1,"nafn":"Gunnar Bragi Sveinsson","kjordaemi":"sudvestur","slug":"gunnar-bragi-sveinsson","bokstafur":"M"},{"saeti":2,"nafn":"Una María Óskarsdóttir","kjordaemi":"sudvestur","slug":"una-maria-oskarsdottir","bokstafur":"M"},{"saeti":3,"nafn":"Kolfinna Jóhannesdóttir","kjordaemi":"sudvestur","slug":"kolfinna-johannesdottir","bokstafur":"M"},{"saeti":4,"nafn":"Nanna Margrét Gunnlaugsdóttir","kjordaemi":"sudvestur","slug":"nanna-margret-gunnlaugsdottir","bokstafur":"M"},{"saeti":5,"nafn":"Anna Bára Ólafsdóttir","kjordaemi":"sudvestur","slug":"anna-bara-olafsdottir","bokstafur":"M"},{"saeti":6,"nafn":"Sigurður Þórður Ragnarsson","kjordaemi":"sudvestur","slug":"sigurdur-thordur-ragnarsson","bokstafur":"M"},{"saeti":1,"nafn":"Einar Aðalsteinn Brynjólfsson","kjordaemi":"nordaustur","slug":"einar-adalsteinn-brynjolfsson","bokstafur":"P"},{"saeti":2,"nafn":"Guðrún Ágústa Þórdísardóttir","kjordaemi":"nordaustur","slug":"gudrun-agusta-thordisardottir","bokstafur":"P"},{"saeti":3,"nafn":"Hrafndís Bára Einarsdóttir","kjordaemi":"nordaustur","slug":"hrafndis-bara-einarsdottir","bokstafur":"P"},{"saeti":4,"nafn":"Sævar Þór Halldórsson","kjordaemi":"nordaustur","slug":"saevar-thor-halldorsson","bokstafur":"P"},{"saeti":5,"nafn":"Margrét Urður Snædal","kjordaemi":"nordaustur","slug":"margret-urdur-snaedal","bokstafur":"P"},{"saeti":6,"nafn":"Sigríður Lára Sigurjónsdóttir","kjordaemi":"nordaustur","slug":"sigridur-lara-sigurjonsdottir","bokstafur":"P"},{"saeti":1,"nafn":"Eva Pandora Baldursdóttir","kjordaemi":"nordvestur","slug":"eva-pandora-baldursdottir","bokstafur":"P"},{"saeti":2,"nafn":"Gunnar Ingiberg Guðmundsson","kjordaemi":"nordvestur","slug":"gunnar-ingiberg-gudmundsson","bokstafur":"P"},{"saeti":3,"nafn":"Rannveig Ernudóttir","kjordaemi":"nordvestur","slug":"rannveig-ernudottir","bokstafur":"P"},{"saeti":4,"nafn":"Ragnheiður Steina Ólafsdóttir","kjordaemi":"nordvestur","slug":"ragnheidur-steina-olafsdottir","bokstafur":"P"},{"saeti":5,"nafn":"Sunna Einarsdóttir","kjordaemi":"nordvestur","slug":"sunna-einarsdottir","bokstafur":"P"},{"saeti":6,"nafn":"Halldór Logi Sigurðarson","kjordaemi":"nordvestur","slug":"halldor-logi-sigurdarson","bokstafur":"P"},{"saeti":1,"nafn":"Helgi Hrafn Gunnarsson","kjordaemi":"reykjavik-nordur","slug":"helgi-hrafn-gunnarsson","bokstafur":"P"},{"saeti":2,"nafn":"Halldóra Mogensen","kjordaemi":"reykjavik-nordur","slug":"halldora-mogensen","bokstafur":"P"},{"saeti":3,"nafn":"Gunnar Hrafn Jónsson","kjordaemi":"reykjavik-nordur","slug":"gunnar-hrafn-jonsson","bokstafur":"P"},{"saeti":4,"nafn":"Sara Oskarsson","kjordaemi":"reykjavik-nordur","slug":"sara-oskarsson","bokstafur":"P"},{"saeti":5,"nafn":"Sunna Rós Víðisdóttir","kjordaemi":"reykjavik-nordur","slug":"sunna-ros-vidisdottir","bokstafur":"P"},{"saeti":6,"nafn":"Salvör Kristjana Gissurardóttir","kjordaemi":"reykjavik-nordur","slug":"salvor-kristjana-gissurardottir","bokstafur":"P"},{"saeti":1,"nafn":"Þórhildur Sunna Ævarsdóttir","kjordaemi":"reykjavik-sudur","slug":"thorhildur-sunna-aevarsdottir","bokstafur":"P"},{"saeti":2,"nafn":"Björn Leví Gunnarsson","kjordaemi":"reykjavik-sudur","slug":"bjorn-levi-gunnarsson","bokstafur":"P"},{"saeti":3,"nafn":"Olga Margrét Cilia","kjordaemi":"reykjavik-sudur","slug":"olga-margret-cilia","bokstafur":"P"},{"saeti":4,"nafn":"Snæbjörn Brynjarsson","kjordaemi":"reykjavik-sudur","slug":"snaebjorn-brynjarsson","bokstafur":"P"},{"saeti":5,"nafn":"Katla Hólm Vilbergs- og Þórhildardóttir","kjordaemi":"reykjavik-sudur","slug":"katla-holm-vilbergs-og-thorhildardottir","bokstafur":"P"},{"saeti":6,"nafn":"Arnaldur Sigurðarson","kjordaemi":"reykjavik-sudur","slug":"arnaldur-sigurdarson","bokstafur":"P"},{"saeti":1,"nafn":"Smári McCarthy","kjordaemi":"sudur","slug":"smari-mccarthy","bokstafur":"P"},{"saeti":2,"nafn":"Álfheiður Eymarsdóttir","kjordaemi":"sudur","slug":"alfheidur-eymarsdottir","bokstafur":"P"},{"saeti":3,"nafn":"Fanný Þórsdóttir","kjordaemi":"sudur","slug":"fanny-thorsdottir","bokstafur":"P"},{"saeti":4,"nafn":"Albert Svan Sigurðsson","kjordaemi":"sudur","slug":"albert-svan-sigurdsson","bokstafur":"P"},{"saeti":5,"nafn":"Kristinn Ágúst Eggertsson","kjordaemi":"sudur","slug":"kristinn-agust-eggertsson","bokstafur":"P"},{"saeti":6,"nafn":"Kolbrún Valbergsdóttir","kjordaemi":"sudur","slug":"kolbrun-valbergsdottir","bokstafur":"P"},{"saeti":1,"nafn":"Jón Þór Ólafsson","kjordaemi":"sudvestur","slug":"jon-thor-olafsson","bokstafur":"P"},{"saeti":2,"nafn":"Oktavía Hrund Jónsdóttir","kjordaemi":"sudvestur","slug":"oktavia-hrund-jonsdottir","bokstafur":"P"},{"saeti":3,"nafn":"Dóra Björt Guðjónsdóttir","kjordaemi":"sudvestur","slug":"dora-bjort-gudjonsdottir","bokstafur":"P"},{"saeti":4,"nafn":"Andri Þór Sturluson","kjordaemi":"sudvestur","slug":"andri-thor-sturluson","bokstafur":"P"},{"saeti":5,"nafn":"Gígja Skúladóttir","kjordaemi":"sudvestur","slug":"gigja-skuladottir","bokstafur":"P"},{"saeti":6,"nafn":"Hákon Helgi Leifsson","kjordaemi":"sudvestur","slug":"hakon-helgi-leifsson","bokstafur":"P"},{"saeti":1,"nafn":"Logi Már Einarsson","kjordaemi":"nordaustur","slug":"logi-mar-einarsson","bokstafur":"S"},{"saeti":2,"nafn":"Albertína Friðbjörg Elíasdóttir","kjordaemi":"nordaustur","slug":"albertina-fridbjorg-eliasdottir","bokstafur":"S"},{"saeti":3,"nafn":"María Hjálmarsdóttir","kjordaemi":"nordaustur","slug":"maria-hjalmarsdottir","bokstafur":"S"},{"saeti":4,"nafn":"Bjartur Aðalbjörnsson","kjordaemi":"nordaustur","slug":"bjartur-adalbjornsson","bokstafur":"S"},{"saeti":5,"nafn":"Silja Jóhannesdóttir","kjordaemi":"nordaustur","slug":"silja-johannesdottir","bokstafur":"S"},{"saeti":6,"nafn":"Kjartan Páll Þórarinsson","kjordaemi":"nordaustur","slug":"kjartan-pall-thorarinsson","bokstafur":"S"},{"saeti":1,"nafn":"Guðjón S. Brjánsson","kjordaemi":"nordvestur","slug":"gudjon-s.-brjansson","bokstafur":"S"},{"saeti":2,"nafn":"Arna Lára Jónsdóttir","kjordaemi":"nordvestur","slug":"arna-lara-jonsdottir","bokstafur":"S"},{"saeti":3,"nafn":"Jónína Björg Magnúsdóttir","kjordaemi":"nordvestur","slug":"jonina-bjorg-magnusdottir","bokstafur":"S"},{"saeti":4,"nafn":"Sigurður Orri Kristjánsson","kjordaemi":"nordvestur","slug":"sigurdur-orri-kristjansson","bokstafur":"S"},{"saeti":5,"nafn":"Gunnar Rúnar Kristjánsson","kjordaemi":"nordvestur","slug":"gunnar-runar-kristjansson","bokstafur":"S"},{"saeti":6,"nafn":"Guðrún Eggertsdóttir","kjordaemi":"nordvestur","slug":"gudrun-eggertsdottir","bokstafur":"S"},{"saeti":1,"nafn":"Helga Vala Helgadóttir","kjordaemi":"reykjavik-nordur","slug":"helga-vala-helgadottir","bokstafur":"S"},{"saeti":2,"nafn":"Páll Valur Björnsson","kjordaemi":"reykjavik-nordur","slug":"pall-valur-bjornsson","bokstafur":"S"},{"saeti":3,"nafn":"Eva Baldursdóttir","kjordaemi":"reykjavik-nordur","slug":"eva-baldursdottir","bokstafur":"S"},{"saeti":4,"nafn":"Þórarinn Snorri Sigurgeirsson","kjordaemi":"reykjavik-nordur","slug":"thorarinn-snorri-sigurgeirsson","bokstafur":"S"},{"saeti":5,"nafn":"Nikólína Hildur Sveinsdóttir","kjordaemi":"reykjavik-nordur","slug":"nikolina-hildur-sveinsdottir","bokstafur":"S"},{"saeti":6,"nafn":"Þröstur Ólafsson","kjordaemi":"reykjavik-nordur","slug":"throstur-olafsson","bokstafur":"S"},{"saeti":1,"nafn":"Ágúst Ólafur Ágústsson","kjordaemi":"reykjavik-sudur","slug":"agust-olafur-agustsson","bokstafur":"S"},{"saeti":2,"nafn":"Jóhanna Vigdís Guðmundsdóttir","kjordaemi":"reykjavik-sudur","slug":"johanna-vigdis-gudmundsdottir","bokstafur":"S"},{"saeti":3,"nafn":"Einar Kárason","kjordaemi":"reykjavik-sudur","slug":"einar-karason","bokstafur":"S"},{"saeti":4,"nafn":"Ellert B. Schram","kjordaemi":"reykjavik-sudur","slug":"ellert-b.-schram","bokstafur":"S"},{"saeti":5,"nafn":"Vilborg Oddsdóttir","kjordaemi":"reykjavik-sudur","slug":"vilborg-oddsdottir","bokstafur":"S"},{"saeti":6,"nafn":"Þórarinn Eyfjörð","kjordaemi":"reykjavik-sudur","slug":"thorarinn-eyfjord","bokstafur":"S"},{"saeti":1,"nafn":"Oddný Guðbjörg Harðardóttir","kjordaemi":"sudur","slug":"oddny-gudbjorg-hardardottir","bokstafur":"S"},{"saeti":2,"nafn":"Njörður Sigurðsson","kjordaemi":"sudur","slug":"njordur-sigurdsson","bokstafur":"S"},{"saeti":3,"nafn":"Arna Ír Gunnarsdóttir","kjordaemi":"sudur","slug":"arna-ir-gunnarsdottir","bokstafur":"S"},{"saeti":4,"nafn":"Marinó Örn Ólafsson","kjordaemi":"sudur","slug":"marino-orn-olafsson","bokstafur":"S"},{"saeti":5,"nafn":"Guðný Birna Guðmundsdóttir","kjordaemi":"sudur","slug":"gudny-birna-gudmundsdottir","bokstafur":"S"},{"saeti":6,"nafn":"Miralem Haseta","kjordaemi":"sudur","slug":"miralem-haseta","bokstafur":"S"},{"saeti":1,"nafn":"Guð­mundur Andri Thors­son","kjordaemi":"sudvestur","slug":"gudmundur-andri-thorsson","bokstafur":"S"},{"saeti":2,"nafn":"Margrét Tryggva­dótt­ir","kjordaemi":"sudvestur","slug":"margret-tryggvadottir","bokstafur":"S"},{"saeti":3,"nafn":"Adda María Jóhanns­dótt­ir","kjordaemi":"sudvestur","slug":"adda-maria-johannsdottir","bokstafur":"S"},{"saeti":4,"nafn":"Finnur Beck","kjordaemi":"sudvestur","slug":"finnur-beck","bokstafur":"S"},{"saeti":5,"nafn":"Sig­ur­þóra Bergs­dótt­ir","kjordaemi":"sudvestur","slug":"sigurthora-bergsdottir","bokstafur":"S"},{"saeti":6,"nafn":"Símon Birg­is­son","kjordaemi":"sudvestur","slug":"simon-birgisson","bokstafur":"S"},{"saeti":1,"nafn":"Kristján Þór Júlí­us­son","kjordaemi":"nordaustur","slug":"kristjan-thor-juliusson","bokstafur":"D"},{"saeti":2,"nafn":"Njáll Trausti Friðberts­son","kjordaemi":"nordaustur","slug":"njall-trausti-fridbertsson","bokstafur":"D"},{"saeti":3,"nafn":"Val­gerður Gunn­ars­dótt­ir","kjordaemi":"nordaustur","slug":"valgerdur-gunnarsdottir","bokstafur":"D"},{"saeti":4,"nafn":"Arn­björg Sveins­dótt­ir","kjordaemi":"nordaustur","slug":"arnbjorg-sveinsdottir","bokstafur":"D"},{"saeti":5,"nafn":"Samú­el K. Sig­urðsson","kjordaemi":"nordaustur","slug":"samuel-k.-sigurdsson","bokstafur":"D"},{"saeti":6,"nafn":"Gauti Jó­hann­es­son","kjordaemi":"nordaustur","slug":"gauti-johannesson","bokstafur":"D"},{"saeti":1,"nafn":"Haraldur Benediktsson","kjordaemi":"nordvestur","slug":"haraldur-benediktsson","bokstafur":"D"},{"saeti":2,"nafn":"Þórdís Kolbrún Reykfjörð Gylfadóttir","kjordaemi":"nordvestur","slug":"thordis-kolbrun-reykfjord-gylfadottir","bokstafur":"D"},{"saeti":3,"nafn":"Teitur Björn Einarsson","kjordaemi":"nordvestur","slug":"teitur-bjorn-einarsson","bokstafur":"D"},{"saeti":4,"nafn":"Hafdís Gunnarsdóttir","kjordaemi":"nordvestur","slug":"hafdis-gunnarsdottir","bokstafur":"D"},{"saeti":5,"nafn":"Jónína Erna Arnardóttir","kjordaemi":"nordvestur","slug":"jonina-erna-arnardottir","bokstafur":"D"},{"saeti":6,"nafn":"Aðalsteinn Arason","kjordaemi":"nordvestur","slug":"adalsteinn-arason","bokstafur":"D"},{"saeti":1,"nafn":"Guðlaugur Þór Þórðarson","kjordaemi":"reykjavik-nordur","slug":"gudlaugur-thor-thordarson","bokstafur":"D"},{"saeti":2,"nafn":"Áslaug Arna Sigurbjörnsdóttir","kjordaemi":"reykjavik-nordur","slug":"aslaug-arna-sigurbjornsdottir","bokstafur":"D"},{"saeti":3,"nafn":"Birgir Ármannsson","kjordaemi":"reykjavik-nordur","slug":"birgir-armannsson","bokstafur":"D"},{"saeti":4,"nafn":"Albert Guðmundsson","kjordaemi":"reykjavik-nordur","slug":"albert-gudmundsson","bokstafur":"D"},{"saeti":5,"nafn":"Herdís Þorvaldsdóttir","kjordaemi":"reykjavik-nordur","slug":"herdis-thorvaldsdottir","bokstafur":"D"},{"saeti":6,"nafn":"Jón Ragnar Ríkharðsson","kjordaemi":"reykjavik-nordur","slug":"jon-ragnar-rikhardsson","bokstafur":"D"},{"saeti":1,"nafn":"Sigríður Á. Andersen","kjordaemi":"reykjavik-sudur","slug":"sigridur-a.-andersen","bokstafur":"D"},{"saeti":2,"nafn":"Brynjar Níelsson","kjordaemi":"reykjavik-sudur","slug":"brynjar-nielsson","bokstafur":"D"},{"saeti":3,"nafn":"Hildur Sverrisdóttir","kjordaemi":"reykjavik-sudur","slug":"hildur-sverrisdottir","bokstafur":"D"},{"saeti":4,"nafn":"Bessí Jóhannsdóttir","kjordaemi":"reykjavik-sudur","slug":"bessi-johannsdottir","bokstafur":"D"},{"saeti":5,"nafn":"Jóhannes Stefánsson","kjordaemi":"reykjavik-sudur","slug":"johannes-stefansson","bokstafur":"D"},{"saeti":6,"nafn":"Katrín Atladóttir","kjordaemi":"reykjavik-sudur","slug":"katrin-atladottir","bokstafur":"D"},{"saeti":1,"nafn":"Páll Magnús­son","kjordaemi":"sudur","slug":"pall-magnusson","bokstafur":"D"},{"saeti":2,"nafn":"Ásmund­ur Friðriks­son","kjordaemi":"sudur","slug":"asmundur-fridriksson","bokstafur":"D"},{"saeti":3,"nafn":"Vil­hjálm­ur Árna­son","kjordaemi":"sudur","slug":"vilhjalmur-arnason","bokstafur":"D"},{"saeti":4,"nafn":"Unn­ur Brá Kon­ráðsdótt­ir","kjordaemi":"sudur","slug":"unnur-bra-konradsdottir","bokstafur":"D"},{"saeti":5,"nafn":"Krist­ín Trausta­dótt­ir","kjordaemi":"sudur","slug":"kristin-traustadottir","bokstafur":"D"},{"saeti":6,"nafn":"Hólm­fríður Erna Kjart­ans­dótt­ir","kjordaemi":"sudur","slug":"holmfridur-erna-kjartansdottir","bokstafur":"D"},{"saeti":1,"nafn":"Bjarni Benediktsson","kjordaemi":"sudvestur","slug":"bjarni-benediktsson","bokstafur":"D"},{"saeti":2,"nafn":"Bryndís Haraldsdóttir","kjordaemi":"sudvestur","slug":"bryndis-haraldsdottir","bokstafur":"D"},{"saeti":3,"nafn":"Jón Gunnarsson","kjordaemi":"sudvestur","slug":"jon-gunnarsson","bokstafur":"D"},{"saeti":4,"nafn":"Óli Björn Kárason","kjordaemi":"sudvestur","slug":"oli-bjorn-karason","bokstafur":"D"},{"saeti":5,"nafn":"Vilhjálmur Bjarnason","kjordaemi":"sudvestur","slug":"vilhjalmur-bjarnason","bokstafur":"D"},{"saeti":6,"nafn":"Karen Elísabet Halldórsdóttir","kjordaemi":"sudvestur","slug":"karen-elisabet-halldorsdottir","bokstafur":"D"},{"saeti":1,"nafn":"Benedikt Jóhannesson","kjordaemi":"nordaustur","slug":"benedikt-johannesson","bokstafur":"C"},{"saeti":2,"nafn":"Hildur Betty Kristjánsdóttir","kjordaemi":"nordaustur","slug":"hildur-betty-kristjansdottir","bokstafur":"C"},{"saeti":3,"nafn":"Jens Hilmarsson","kjordaemi":"nordaustur","slug":"jens-hilmarsson","bokstafur":"C"},{"saeti":4,"nafn":"Ester Sigurásta Sigurðardóttir","kjordaemi":"nordaustur","slug":"ester-sigurasta-sigurdardottir","bokstafur":"C"},{"saeti":5,"nafn":"Kristófer Alex Guðmundsson","kjordaemi":"nordaustur","slug":"kristofer-alex-gudmundsson","bokstafur":"C"},{"saeti":6,"nafn":"Anna Hildur Guðmundsdóttir","kjordaemi":"nordaustur","slug":"anna-hildur-gudmundsdottir","bokstafur":"C"},{"saeti":1,"nafn":"Gylfi Ólafsson","kjordaemi":"nordvestur","slug":"gylfi-olafsson","bokstafur":"C"},{"saeti":2,"nafn":"Lee Ann Maginnis","kjordaemi":"nordvestur","slug":"lee-ann-maginnis","bokstafur":"C"},{"saeti":3,"nafn":"Haraldur Sæmundsson","kjordaemi":"nordvestur","slug":"haraldur-saemundsson","bokstafur":"C"},{"saeti":4,"nafn":"Sigrún Helga Lund","kjordaemi":"nordvestur","slug":"sigrun-helga-lund","bokstafur":"C"},{"saeti":5,"nafn":"Jón Ottesen Hauksson","kjordaemi":"nordvestur","slug":"jon-ottesen-hauksson","bokstafur":"C"},{"saeti":6,"nafn":"Ása Katrín Bjarnadóttir","kjordaemi":"nordvestur","slug":"asa-katrin-bjarnadottir","bokstafur":"C"},{"saeti":1,"nafn":"Þorsteinn Víglundsson","kjordaemi":"reykjavik-nordur","slug":"thorsteinn-viglundsson","bokstafur":"C"},{"saeti":2,"nafn":"Þorbjörg Sigríður Gunnlaugsdóttir","kjordaemi":"reykjavik-nordur","slug":"thorbjorg-sigridur-gunnlaugsdottir","bokstafur":"C"},{"saeti":3,"nafn":"Páll Rafnar Þorsteinsson","kjordaemi":"reykjavik-nordur","slug":"pall-rafnar-thorsteinsson","bokstafur":"C"},{"saeti":4,"nafn":"Jarþrúður Ásmundsdóttir","kjordaemi":"reykjavik-nordur","slug":"jarthrudur-asmundsdottir","bokstafur":"C"},{"saeti":5,"nafn":"Jón Júlíus Karlsson","kjordaemi":"reykjavik-nordur","slug":"jon-julius-karlsson","bokstafur":"C"},{"saeti":6,"nafn":"Ragnheiður Kr. Finnbogadóttir","kjordaemi":"reykjavik-nordur","slug":"ragnheidur-kr.-finnbogadottir","bokstafur":"C"},{"saeti":1,"nafn":"Hanna Katrín Friðriksson","kjordaemi":"reykjavik-sudur","slug":"hanna-katrin-fridriksson","bokstafur":"C"},{"saeti":2,"nafn":"Pawel Bartoszek","kjordaemi":"reykjavik-sudur","slug":"pawel-bartoszek","bokstafur":"C"},{"saeti":3,"nafn":"Dóra Sif Tynes","kjordaemi":"reykjavik-sudur","slug":"dora-sif-tynes","bokstafur":"C"},{"saeti":4,"nafn":"Dagbjartur Gunnar Lúðvíksson","kjordaemi":"reykjavik-sudur","slug":"dagbjartur-gunnar-ludviksson","bokstafur":"C"},{"saeti":5,"nafn":"Vilborg Einarsdóttir","kjordaemi":"reykjavik-sudur","slug":"vilborg-einarsdottir","bokstafur":"C"},{"saeti":6,"nafn":"Jón Bjarni Steinsson","kjordaemi":"reykjavik-sudur","slug":"jon-bjarni-steinsson","bokstafur":"C"},{"saeti":1,"nafn":"Jóna Sólveig Elínardóttir","kjordaemi":"sudur","slug":"jona-solveig-elinardottir","bokstafur":"C"},{"saeti":2,"nafn":"Arnar Páll Guðmundsson","kjordaemi":"sudur","slug":"arnar-pall-gudmundsson","bokstafur":"C"},{"saeti":3,"nafn":"Stefanía Sigurðardóttir","kjordaemi":"sudur","slug":"stefania-sigurdardottir","bokstafur":"C"},{"saeti":4,"nafn":"Sigurjón Njarðarson","kjordaemi":"sudur","slug":"sigurjon-njardarson","bokstafur":"C"},{"saeti":5,"nafn":"Guðbjörg Ingimundardóttir","kjordaemi":"sudur","slug":"gudbjorg-ingimundardottir","bokstafur":"C"},{"saeti":6,"nafn":"Sigurjón Vídalín Guðmundsson","kjordaemi":"sudur","slug":"sigurjon-vidalin-gudmundsson","bokstafur":"C"},{"saeti":1,"nafn":"Þorgerður Katrín Gunnarsdóttir","kjordaemi":"sudvestur","slug":"thorgerdur-katrin-gunnarsdottir","bokstafur":"C"},{"saeti":2,"nafn":"Jón Steindór Valdimarsson","kjordaemi":"sudvestur","slug":"jon-steindor-valdimarsson","bokstafur":"C"},{"saeti":3,"nafn":"Sigríður María Egilsdóttir","kjordaemi":"sudvestur","slug":"sigridur-maria-egilsdottir","bokstafur":"C"},{"saeti":4,"nafn":"Ómar Ásbjörn Óskarsson","kjordaemi":"sudvestur","slug":"omar-asbjorn-oskarsson","bokstafur":"C"},{"saeti":5,"nafn":"Margret Agustsdottir","kjordaemi":"sudvestur","slug":"margret-agustsdottir","bokstafur":"C"},{"saeti":6,"nafn":"Ari Páll Karlsson","kjordaemi":"sudvestur","slug":"ari-pall-karlsson","bokstafur":"C"},{"saeti":1,"nafn":"Steingrímur Jóhann Sigfússon","kjordaemi":"nordaustur","slug":"steingrimur-johann-sigfusson","bokstafur":"V"},{"saeti":2,"nafn":"Bjarkey Olsen Gunnarsdóttir","kjordaemi":"nordaustur","slug":"bjarkey-olsen-gunnarsdottir","bokstafur":"V"},{"saeti":3,"nafn":"Ingibjörg Þórðardóttir","kjordaemi":"nordaustur","slug":"ingibjorg-thordardottir","bokstafur":"V"},{"saeti":4,"nafn":"Edward H. Huijbens","kjordaemi":"nordaustur","slug":"edward-h.-huijbens","bokstafur":"V"},{"saeti":5,"nafn":"Óli Halldórsson","kjordaemi":"nordaustur","slug":"oli-halldorsson","bokstafur":"V"},{"saeti":6,"nafn":"Berglind Häsler","kjordaemi":"nordaustur","slug":"berglind-hasler","bokstafur":"V"},{"saeti":1,"nafn":"Lilja Rafney Magnúsdóttir","kjordaemi":"nordvestur","slug":"lilja-rafney-magnusdottir","bokstafur":"V"},{"saeti":2,"nafn":"Bjarni Jónsson","kjordaemi":"nordvestur","slug":"bjarni-jonsson","bokstafur":"V"},{"saeti":3,"nafn":"Rúnar Gíslason","kjordaemi":"nordvestur","slug":"runar-gislason","bokstafur":"V"},{"saeti":4,"nafn":"Dagrún Ósk Jónsdóttir","kjordaemi":"nordvestur","slug":"dagrun-osk-jonsdottir","bokstafur":"V"},{"saeti":5,"nafn":"Dagný Rósa Úlfarsdóttir","kjordaemi":"nordvestur","slug":"dagny-rosa-ulfarsdottir","bokstafur":"V"},{"saeti":6,"nafn":"Hjördís Pálsdóttir","kjordaemi":"nordvestur","slug":"hjordis-palsdottir","bokstafur":"V"},{"saeti":1,"nafn":"Katrín Jakobsdóttir","kjordaemi":"reykjavik-nordur","slug":"katrin-jakobsdottir","bokstafur":"V"},{"saeti":2,"nafn":"Steinunn Þóra Árnadóttir","kjordaemi":"reykjavik-nordur","slug":"steinunn-thora-arnadottir","bokstafur":"V"},{"saeti":3,"nafn":"Andrés Ingi Jónsson","kjordaemi":"reykjavik-nordur","slug":"andres-ingi-jonsson","bokstafur":"V"},{"saeti":4,"nafn":"Halla Gunnarsdóttir","kjordaemi":"reykjavik-nordur","slug":"halla-gunnarsdottir","bokstafur":"V"},{"saeti":5,"nafn":"Álfheiður Ingadóttir","kjordaemi":"reykjavik-nordur","slug":"alfheidur-ingadottir","bokstafur":"V"},{"saeti":6,"nafn":"Gísli Garðarsson","kjordaemi":"reykjavik-nordur","slug":"gisli-gardarsson","bokstafur":"V"},{"saeti":1,"nafn":"Svandís Svavarsdóttir","kjordaemi":"reykjavik-sudur","slug":"svandis-svavarsdottir","bokstafur":"V"},{"saeti":2,"nafn":"Kolbeinn Óttarsson Proppé","kjordaemi":"reykjavik-sudur","slug":"kolbeinn-ottarsson-proppe","bokstafur":"V"},{"saeti":3,"nafn":"Orri Páll Jóhannsson","kjordaemi":"reykjavik-sudur","slug":"orri-pall-johannsson","bokstafur":"V"},{"saeti":4,"nafn":"Eydís Blöndal","kjordaemi":"reykjavik-sudur","slug":"eydis-blondal","bokstafur":"V"},{"saeti":5,"nafn":"Ugla Stefanía Kristjönudóttir Jónsdóttir","kjordaemi":"reykjavik-sudur","slug":"ugla-stefania-kristjonudottir-jonsdottir","bokstafur":"V"},{"saeti":6,"nafn":"René Biasone","kjordaemi":"reykjavik-sudur","slug":"rene-biasone","bokstafur":"V"},{"saeti":1,"nafn":"Ari Trausti Guðmundsson","kjordaemi":"sudur","slug":"ari-trausti-gudmundsson","bokstafur":"V"},{"saeti":2,"nafn":"Heiða Guðný Ásgeirsdóttir","kjordaemi":"sudur","slug":"heida-gudny-asgeirsdottir","bokstafur":"V"},{"saeti":3,"nafn":"Daníel E. Arnarsson","kjordaemi":"sudur","slug":"daniel-e.-arnarsson","bokstafur":"V"},{"saeti":4,"nafn":"Dagný Alda Steinsdóttir","kjordaemi":"sudur","slug":"dagny-alda-steinsdottir","bokstafur":"V"},{"saeti":5,"nafn":"Helga Tryggvadóttir","kjordaemi":"sudur","slug":"helga-tryggvadottir","bokstafur":"V"},{"saeti":6,"nafn":"Gunnar Marel Eggertsson","kjordaemi":"sudur","slug":"gunnar-marel-eggertsson","bokstafur":"V"},{"saeti":1,"nafn":"Rósa Björk Brynjólfsdóttir","kjordaemi":"sudvestur","slug":"rosa-bjork-brynjolfsdottir","bokstafur":"V"},{"saeti":2,"nafn":"Ólafur Þór Gunnarsson","kjordaemi":"sudvestur","slug":"olafur-thor-gunnarsson","bokstafur":"V"},{"saeti":3,"nafn":"Una Hildardóttir","kjordaemi":"sudvestur","slug":"una-hildardottir","bokstafur":"V"},{"saeti":4,"nafn":"Fjölnir Sæmundsson","kjordaemi":"sudvestur","slug":"fjolnir-saemundsson","bokstafur":"V"},{"saeti":5,"nafn":"Esther Bíbí Ásgeirsdóttir","kjordaemi":"sudvestur","slug":"esther-bibi-asgeirsdottir","bokstafur":"V"},{"saeti":6,"nafn":"Margrét Pétursdóttir","kjordaemi":"sudvestur","slug":"margret-petursdottir","bokstafur":"V"}]