[{"name":"Atvinnumál","url":"atvinnumal"},{"name":"Byggðarmál","url":"byggdarmal"},{"name":"Evrópumál","url":"evropumal"},{"name":"Heilbrigðismál","url":"heilbrigdismal"},{"name":"Húsnæðismál","url":"husnaedismal"},{"name":"Jafnréttismál","url":"jafnrettismal"},{"name":"Menntamál","url":"menntamal"},{"name":"Samgöngumál","url":"samgongumal"},{"name":"Sjávarútvegsmál","url":"sjavarutvegsmal"},{"name":"Skattamál","url":"skattamal"},{"name":"Stjórnarskrármál","url":"stjornarskrarmal"},{"name":"Umhverfismál","url":"umhverfismal"},{"name":"Velferðarmál","url":"velferdarmal"}]