[{"category":"atvinnumal","name":"Atvinnumál","statement":"<p>Við ætlum að láta Landsbankann leiða fjármálakerfið inn í breyttan heim með lægri vöxtum</p>\n<p>Við ætlum að tryggja samkeppnishæfni ferðaþjónustunnar</p>\n<p>Við ætlum að eyða óvissu um framtíð ferðaþjónustunnar</p>\n<p>Við ætlum að klára endurskipulagningu fjármálakerfisins og byggja upp fjármálakerfi sem þjónustar almenning, ekki öfugt</p>\n<p>Við ætlum að nýta forkaupsrétt ríkisins á Arionbanka svo hægt sé að endurskipuleggja fjármálakerfið</p>\n<p>Við ætlum að afhenda Íslendingum 1/3 hlutabréfa í Arionbanka</p>\n<p>Við ætlum að sjá til þess að hagstjórnartæki Seðlabankans hafi betri áhrif - án verðtryggingar</p>\n<p>Við ætlum að selja Íslandsbanka til erlends banka til að auka samkeppni í bankaþjónustu á Íslandi</p>\n<p>Við ætlum að stofna dótturbanka Landsbankans til að bjóða lægri vexti og betri kjör fyrir fólkið í landinu</p>\n<p>Við ætlum að ljósleiðaravæða landið allt til að auka atvinnumöguleika allra íbúa samfélagsins</p>\n"},{"category":"byggdarmal","name":"Byggðarmál","statement":"<p>Við ætlum að snúa margra áratuga dýrri vörn í byggðarmálum í arðbæra sókn fyrir Ísland allt</p>\n<p>Við ætlum að stjórna heildaruppbyggingu landsins frá einum stað svo ábyrgðin sé skýr</p>\n<p>Við ætlum að vinna í og hrinda í framkvæmd heildaráætlun í uppbyggingu fyrir Ísland allt</p>\n<p>Við ætlum að leysa vanda sauðfjárbænda til að tryggja að samfélögin á landsbyggðinni haldi styrk sínum</p>\n<p>Við ætlum að nýta sóknarfærin í íslenskum landbúnaði og þróa hann í samstarfi við góðar samgöngur</p>\n"},{"category":"evropumal","name":"Evrópumál","statement":"<p>Við teljum að hagsmunum Íslands sé betur borgið utan Evrópusambandsins</p>\n"},{"category":"heilbrigdismal","name":"Heilbrigðismál","statement":"<p>Við ætlum að byggja nýjan spítala á betri stað og búa þannig til aðalaðandi vinnustað sem stuðlar að betri líðan sjúklinga</p>\n<p>Við ætlum að auka forvarnir sérstaklega því þær eru besta sparnaðarráðið í heilbrigðiskerfinu</p>\n<p>Við ætlum að efla á ný heilsugæslu og sérfræðilækningar á landsbyggðinni</p>\n<p>Við ætlum að byggja hjúkrunarheimili og tengja þau betur við sterkari þjónustu heilsugæslunnar</p>\n"},{"category":"husnaedismal","name":"Húsnæðismál","statement":"<p>Við ætlum að koma á eðlilegu vaxtastigi í fjármálakerfi fyrir fólk, til að búa ti lbetri húsnæðismarkað</p>\n<p>Við ætlum að láta Íbúðalánasjóð gegna félagslegu hlutverki og veita óverðtryggð lán</p>\n<p>Við ætlum að gera átak í byggingu þjónustuíbúða, bæta heimahjúkrun og fjölga hjúkrunarrýmum</p>\n"},{"category":"jafnrettismal","name":"Jafnréttismál","statement":"<p>Við ætlum að styrkja stöðu Íslands sem leiðandi ríkis á sviði jafnréttis og beita henni markvisst til að efla kynjajafnrétti annarsstaðar í heiminum.</p>\n<p>Við viljum efla jafnrétti því ekkert ríki getur verið fullþróað án jafnrétti kynjanna.</p>\n"},{"category":"menntamal","name":"Menntamál","statement":"<p>Við ætlum að styðja menningararf um allt land því það á að vera eftirsóknarvert að búa á landsbyggðinni</p>\n<p>Við ætlum að endurskoða námslánakerfið með hliðsjón af því sem hefur virkað best á Norðurlöndunum</p>\n<p>Við ætlum að styðja sérstaklega við iðn- og tækninám í framhalds- og háskólum með fjármagni og samstarfi</p>\n"},{"category":"samgongumal","name":"Samgöngumál","statement":"<p>Við ætlum að tryggja flugvöllin áfram í Vatnsmýrinni, samgöngumiðstöð fyrir alla landsmenn</p>\n<p>Við ætlum að iðurgreiða innanlandsflug þvi allir í samfélaginu eiga að búa við góðar samgöngur</p>\n"},{"category":"sjavarutvegsmal","name":"Sjávarútvegsmál","statement":"<p>Við ætlum að setja ákvæði í stjórnarskrá um þjóðareign á auðlindinni</p>\n<p>Við ætlum að endurskoða hvernig gjaldtöku á náttúruauðlindum er háttað.</p>\n<p>Við ætlum að auka stöðugleika í rekstarumhverfi sjávarútvegsins</p>\n"},{"category":"skattamal","name":"Skattamál","statement":"<p>Við ætlum að innleiða skattalega hvata fyrir fólk og fyrirtæki utan höfuðborgarsvæðisins</p>\n<p>Við ætlum að stöðva verðtryggingu á neytendalánum með breytingum í fjármálakerfinu</p>\n<p>Við ætlum að lækka tryggingagjald og lækka það meira fyrir fyrstu 10 starfsmenn fyrirtækisins</p>\n<p>Við ætlum að endurgreiða virðisaukaskatt af byggingu húsnæðis á &quot;köldum svæðum&quot;</p>\n"},{"category":"stjornarskrarmal","name":"Stjórnarskrármál","statement":"<p>Við ætlum að endurskoða stjornarskrána í köflum á næstu tveim kjörtímabilum.</p>\n<p>Við ætlum að beita okkur fyrir ákvæðum um beint lýðræði og borgarafrumkvæði í stjórnarskrá.</p>\n"},{"category":"umhverfismal","name":"Umhverfismál","statement":"<p>Við ætlum að gera ísland tilbúið fyrir framtíðina með markvissum aðgerðum í átt að rafbílavæðingu um allt land</p>\n<p>Við ætlum að setja og framkvæma heildarstefnu varðandi orkuskipti í samgöngum á Íslandi</p>\n<p>Við ætlum að fylgja áætlun Íslands í samræmi við COP21 Parísarsáttmálann um loftslagsmál</p>\n<p>Við ætlum að efla samstarf ríkisins við fyrirtæki og sveitarfélög um kolefnisjöfnn og endureimt votlendis </p>\n"},{"category":"velferdarmal","name":"Velferðarmál","statement":"<p>Við ætlum að tryggja að atvinnutekjur skerði ekki lífeyrisgreiðslur</p>\n<p>Við ætlum að tryggja að lágmarkslífeyrir fylgi lágmarkslaunum</p>\n<p>Við ætlum að gera ríkinu skylt að uppfylla ákveðið þjónustustig um land allt</p>\n"}]